mitogenome_id;group;species;taxonomy;geo_loc_name
MZ981768.1;reference;Apis mellifera siciliana;["Eukaryota","Metazoa","Ecdysozoa","Arthropoda","Altocrustacea","Allotriocarida","Hexapoda","Insecta","Pterygota","Neoptera","Eumetabola","Endopterygota","Hymenoptera","Apocrita","Aculeata","Apoidea","Anthophila","Apidae","Apis"];None
PQ873042.1;control;Scymnus dongjiuensis;["Eukaryota","Metazoa","Ecdysozoa","Arthropoda","Altocrustacea","Allotriocarida","Hexapoda","Insecta","Pterygota","Neoptera","Eumetabola","Endopterygota","Aparaglossata","Neuropteroidea","Coleoptera","Polyphaga","Cucujiformia","Coccinelloidea","Coccinellidae","Scymninae","Scymnini,"Scymnus"];None
NC_039576.1;all_insects;Anoplolepis gracilipes;["Eukaryota","Metazoa","Ecdysozoa","Arthropoda","Altocrustacea","Allotriocarida","Hexapoda","Insecta","Pterygota","Neoptera","Eumetabola","Endopterygota","Hymenoptera","Apocrita","Aculeata","Formicoidea","Formicidae","Formicinae","Anoplolepis"];Taiwan: Hsinchu City
NC_046420.1;all_insects;Acropyga goeldii;["Eukaryota","Metazoa","Ecdysozoa","Arthropoda","Altocrustacea","Allotriocarida","Hexapoda","Insecta","Pterygota","Neoptera","Eumetabola","Endopterygota","Hymenoptera","Apocrita","Aculeata","Formicoidea","Formicidae","Formicinae","Acropyga"];None
NC_068239.1;all_insects;Eupelmus anpingensis;["Eukaryota","Metazoa","Ecdysozoa","Arthropoda","Altocrustacea","Allotriocarida","Hexapoda","Insecta","Pterygota","Neoptera","Eumetabola","Endopterygota","Hymenoptera","Apocrita","Proctotrupomorpha","Chalcidoidea","Eupelmidae","Eupelminae","Eupelmus"];China
NC_051458.1;all_insects;Encyrtus sasakii;["Eukaryota","Metazoa","Ecdysozoa","Arthropoda","Altocrustacea","Allotriocarida","Hexapoda","Insecta","Pterygota","Neoptera","Eumetabola","Endopterygota","Hymenoptera","Apocrita","Proctotrupomorpha","Chalcidoidea","Encyrtidae","Encyrtinae","Encyrtus"];China
NC_066200.1;all_insects;Trichomalopsis sarcophagae;["Eukaryota","Metazoa","Ecdysozoa","Arthropoda","Altocrustacea","Allotriocarida","Hexapoda","Insecta","Pterygota","Neoptera","Eumetabola","Endopterygota","Hymenoptera","Apocrita","Proctotrupomorpha","Chalcidoidea","Pteromalidae","Pteromalinae","Trichomalopsis"];None
NC_077570.1;all_insects;Melecta chinensis;["Eukaryota","Metazoa","Ecdysozoa","Arthropoda","Altocrustacea","Allotriocarida","Hexapoda","Insecta","Pterygota","Neoptera","Eumetabola","Endopterygota","Hymenoptera","Apocrita","Aculeata","Apoidea","Anthophila","Apidae","Melecta"];South Korea
NC_062620.1;all_insects;Virgulibracon endoxylaphagus;["Eukaryota","Metazoa","Ecdysozoa","Arthropoda","Altocrustacea","Allotriocarida","Hexapoda","Insecta","Pterygota","Neoptera","Eumetabola","Endopterygota","Hymenoptera","Apocrita","Ichneumonoidea","Braconidae,"Braconinae","Virgulibracon"];Australia
NC_068815.1;all_insects;Andricus mairei;["Eukaryota","Metazoa","Ecdysozoa","Arthropoda","Altocrustacea","Allotriocarida","Hexapoda","Insecta","Pterygota","Neoptera","Eumetabola","Endopterygota","Hymenoptera","Apocrita","Proctotrupomorpha","Cynipoidea","Cynipidae","Cynipinae","Cynipini","Andricus"];None
NC_022849.1;all_insects;Pristaulacus compressus;["Eukaryota","Metazoa","Ecdysozoa","Arthropoda","Altocrustacea","Allotriocarida","Hexapoda","Insecta","Pterygota","Neoptera","Eumetabola","Endopterygota","Hymenoptera","Apocrita","Evanioidea","Aulacidae,"Pristaulacus"];None
NC_068104.1;all_insects;Odontocimbex svenhedini;["Eukaryota","Metazoa","Ecdysozoa","Arthropoda","Altocrustacea","Allotriocarida","Hexapoda","Insecta","Pterygota","Neoptera","Eumetabola","Endopterygota","Hymenoptera","Tenthredinoidea","Cimbicidae,"Odontocimbex"];China
NC_080221.1;all_insects;Pheidole megacephala;["Eukaryota","Metazoa","Ecdysozoa","Arthropoda","Altocrustacea","Allotriocarida","Hexapoda","Insecta","Pterygota","Neoptera","Eumetabola","Endopterygota","Hymenoptera","Apocrita","Aculeata","Formicoidea","Formicidae","Myrmicinae","Pheidole"];China
NC_069040.1;all_insects;Trichogramma cacaeciae;["Eukaryota","Metazoa","Ecdysozoa","Arthropoda","Altocrustacea","Allotriocarida","Hexapoda","Insecta","Pterygota","Neoptera","Eumetabola","Endopterygota","Hymenoptera","Apocrita","Proctotrupomorpha","Chalcidoidea","Trichogrammatidae","Trichogramma"];None
NC_014677.1;all_insects;Solenopsis richteri;["Eukaryota","Metazoa","Ecdysozoa","Arthropoda","Altocrustacea","Allotriocarida","Hexapoda","Insecta","Pterygota","Neoptera","Eumetabola","Endopterygota","Hymenoptera","Apocrita","Aculeata","Formicoidea","Formicidae","Myrmicinae","Solenopsis"];None
NC_068892.1;all_insects;Vespula structor;["Eukaryota","Metazoa","Ecdysozoa","Arthropoda","Altocrustacea","Allotriocarida","Hexapoda","Insecta","Pterygota","Neoptera","Eumetabola","Endopterygota","Hymenoptera","Apocrita","Aculeata","Vespoidea","Vespidae","Vespinae","Vespula"];China
NC_082112.1;all_insects;Tassonia gloriae;["Eukaryota","Metazoa","Ecdysozoa","Arthropoda","Altocrustacea","Allotriocarida","Hexapoda","Insecta","Pterygota","Neoptera","Eumetabola","Endopterygota","Hymenoptera","Apocrita","Proctotrupomorpha","Chalcidoidea","Encyrtidae","Encyrtinae","Tassonia"];None
NC_060604.1;all_insects;Carebara diversa;["Eukaryota","Metazoa","Ecdysozoa","Arthropoda","Altocrustacea","Allotriocarida","Hexapoda","Insecta","Pterygota","Neoptera","Eumetabola","Endopterygota","Hymenoptera","Apocrita","Aculeata","Formicoidea","Formicidae","Myrmicinae","Carebara"];None
NC_064332.1;all_insects;Euurobracon yokahamae;["Eukaryota","Metazoa","Ecdysozoa","Arthropoda","Altocrustacea","Allotriocarida","Hexapoda","Insecta","Pterygota","Neoptera","Eumetabola","Endopterygota","Hymenoptera","Apocrita","Ichneumonoidea","Braconidae,"Braconinae","Euurobracon"];South Korea
NC_061037.1;all_insects;Camponotus japonicus;["Eukaryota","Metazoa","Ecdysozoa","Arthropoda","Altocrustacea","Allotriocarida","Hexapoda","Insecta","Pterygota","Neoptera","Eumetabola","Endopterygota","Hymenoptera","Apocrita","Aculeata","Formicoidea","Formicidae","Formicinae","Camponotus"];None
NC_015075.1;all_insects;Pristomyrmex punctatus;["Eukaryota","Metazoa","Ecdysozoa","Arthropoda","Altocrustacea","Allotriocarida","Hexapoda","Insecta","Pterygota","Neoptera","Eumetabola","Endopterygota","Hymenoptera","Apocrita","Aculeata","Formicoidea","Formicidae","Myrmicinae","Pristomyrmex"];Japan: Gifu; Kii-Nagashima
NC_035883.1;all_insects;Apis mellifera sahariensis;["Eukaryota","Metazoa","Ecdysozoa","Arthropoda","Altocrustacea","Allotriocarida","Hexapoda","Insecta","Pterygota","Neoptera","Eumetabola","Endopterygota","Hymenoptera","Apocrita","Aculeata","Apoidea","Anthophila","Apidae","Apis"];Algeria
NC_077662.1;all_insects;Pachycondyla annamita;["Eukaryota","Metazoa","Ecdysozoa","Arthropoda","Altocrustacea","Allotriocarida","Hexapoda","Insecta","Pterygota","Neoptera","Eumetabola","Endopterygota","Hymenoptera","Apocrita","Aculeata","Formicoidea","Formicidae","Ponerinae","Ponerini","Pachycondyla"];None
NC_057193.1;all_insects;Ceratina okinawana;["Eukaryota","Metazoa","Ecdysozoa","Arthropoda","Altocrustacea","Allotriocarida","Hexapoda","Insecta","Pterygota","Neoptera","Eumetabola","Endopterygota","Hymenoptera","Apocrita","Aculeata","Apoidea","Anthophila","Apidae","Ceratina","Ceratinidia"];China
NC_057612.1;all_insects;Allantus togatus;["Eukaryota","Metazoa","Ecdysozoa","Arthropoda","Altocrustacea","Allotriocarida","Hexapoda","Insecta","Pterygota","Neoptera","Eumetabola","Endopterygota","Hymenoptera","Tenthredinoidea","Tenthredinidae,"Allantinae","Allantus"];None
NC_041075.1;all_insects;Dolichoderus sibiricus;["Eukaryota","Metazoa","Ecdysozoa","Arthropoda","Altocrustacea","Allotriocarida","Hexapoda","Insecta","Pterygota","Neoptera","Eumetabola","Endopterygota","Hymenoptera","Apocrita","Aculeata","Formicoidea","Formicidae","Dolichoderinae","Dolichoderus"];South Korea
NC_068101.1;all_insects;Abia niui;["Eukaryota","Metazoa","Ecdysozoa","Arthropoda","Altocrustacea","Allotriocarida","Hexapoda","Insecta","Pterygota","Neoptera","Eumetabola","Endopterygota","Hymenoptera","Tenthredinoidea","Cimbicidae","Abia"];China
NC_084266.1;all_insects;Anagyrus galinae;["Eukaryota","Metazoa","Ecdysozoa","Arthropoda","Altocrustacea","Allotriocarida","Hexapoda","Insecta","Pterygota","Neoptera","Eumetabola","Endopterygota","Hymenoptera","Apocrita","Proctotrupomorpha","Chalcidoidea","Encyrtidae","Tetracneminae","Anagyrus"];None
NC_084192.1;all_insects;Cheiloneurus chinensis;["Eukaryota","Metazoa","Ecdysozoa","Arthropoda","Altocrustacea","Allotriocarida","Hexapoda","Insecta","Pterygota","Neoptera","Eumetabola","Endopterygota","Hymenoptera","Apocrita","Proctotrupomorpha","Chalcidoidea","Encyrtidae","Encyrtinae","Cheiloneurus"];None
NC_080216.1;all_insects;Pheidole nodus;["Eukaryota","Metazoa","Ecdysozoa","Arthropoda","Altocrustacea","Allotriocarida","Hexapoda","Insecta","Pterygota","Neoptera","Eumetabola","Endopterygota","Hymenoptera","Apocrita","Aculeata","Formicoidea","Formicidae","Myrmicinae","Pheidole"];China
NC_059862.1;all_insects;Telenomus remus;["Eukaryota","Metazoa","Ecdysozoa","Arthropoda","Altocrustacea","Allotriocarida","Hexapoda","Insecta","Pterygota","Neoptera","Eumetabola","Endopterygota","Hymenoptera","Apocrita","Proctotrupomorpha","Platygastroidea","Scelionidae","Telenominae","Telenomus"];China
NC_034003.1;all_insects;Vespa orientalis;["Eukaryota","Metazoa","Ecdysozoa","Arthropoda","Altocrustacea","Allotriocarida","Hexapoda","Insecta","Pterygota","Neoptera","Eumetabola","Endopterygota","Hymenoptera","Apocrita","Aculeata","Vespoidea","Vespidae","Vespinae","Vespa"];Jordan: Maru field station; Amman
NC_068223.1;all_insects;Ooencyrtus plautus;["Eukaryota","Metazoa","Ecdysozoa","Arthropoda","Altocrustacea","Allotriocarida","Hexapoda","Insecta","Pterygota","Neoptera","Eumetabola","Endopterygota","Hymenoptera","Apocrita","Proctotrupomorpha","Chalcidoidea","Encyrtidae","Encyrtinae","Ooencyrtus"];None
NC_080222.1;all_insects;Pheidole taipoana;["Eukaryota","Metazoa","Ecdysozoa","Arthropoda","Altocrustacea","Allotriocarida","Hexapoda","Insecta","Pterygota","Neoptera","Eumetabola","Endopterygota","Hymenoptera","Apocrita","Aculeata","Formicoidea","Formicidae","Myrmicinae","Pheidole"];China
NC_066199.1;all_insects;Nasonia giraulti;["Eukaryota","Metazoa","Ecdysozoa","Arthropoda","Altocrustacea","Allotriocarida","Hexapoda","Insecta","Pterygota","Neoptera","Eumetabola","Endopterygota","Hymenoptera","Apocrita","Proctotrupomorpha","Chalcidoidea","Pteromalidae","Pteromalinae","Nasonia"];None
NC_072299.1;all_insects;Gotra octocincta;["Eukaryota","Metazoa","Ecdysozoa","Arthropoda","Altocrustacea","Allotriocarida","Hexapoda","Insecta","Pterygota","Neoptera","Eumetabola","Endopterygota","Hymenoptera","Apocrita","Ichneumonoidea","Ichneumonidae,"Cryptinae","Mesostenina","Gotra"];China
NC_067798.1;all_insects;Athalia scapulata;["Eukaryota","Metazoa","Ecdysozoa","Arthropoda","Altocrustacea","Allotriocarida","Hexapoda","Insecta","Pterygota","Neoptera","Eumetabola","Endopterygota","Hymenoptera","Tenthredinoidea","Athaliidae","Athalia"];China
NC_057084.1;all_insects;Seladonia aeraria;["Eukaryota","Metazoa","Ecdysozoa","Arthropoda","Altocrustacea","Allotriocarida","Hexapoda","Insecta","Pterygota","Neoptera","Eumetabola","Endopterygota","Hymenoptera","Apocrita","Aculeata","Apoidea","Anthophila","Halictidae","Halictinae","Halictini","Seladonia"];None
NC_067710.1;all_insects;Megaxyela euchroma;["Eukaryota","Metazoa","Ecdysozoa","Arthropoda","Altocrustacea","Allotriocarida","Hexapoda","Insecta","Pterygota","Neoptera","Eumetabola","Endopterygota","Hymenoptera","Xyeloidea","Xyelidae","Megaxyela"];China
