id,name,is_tip,is_root,depth,parent_id,branch_length,support,n_children,n_descendants,n_desc_tips,label,meta_taxonomy,meta_geo,meta_inferred_taxonomy,meta_group,meta_species,meta_mitogenome_id
bbe90126-da41-496f-a57d-6a90ad4c8575,,False,True,0,,,,2,73,37,,,,"['Eukaryota', 'Metazoa', 'Ecdysozoa', 'Arthropoda', 'Altocrustacea', 'Allotriocarida', 'Hexapoda', 'Insecta', 'Pterygota', 'Neoptera', 'Eumetabola', 'Endopterygota']",,,
39e9e438-8a35-4fec-be38-66aaeb128e4d,,False,False,1,bbe90126-da41-496f-a57d-6a90ad4c8575,0.0345394522,"{'bootstrap': 67.8, 'alrt': 85.0}",2,71,36,,,,"['Eukaryota', 'Metazoa', 'Ecdysozoa', 'Arthropoda', 'Altocrustacea', 'Allotriocarida', 'Hexapoda', 'Insecta', 'Pterygota', 'Neoptera', 'Eumetabola', 'Endopterygota', 'Hymenoptera']",,,
e7df38b4-e9c2-4124-beb7-fb1ff9dde74d,,False,False,2,39e9e438-8a35-4fec-be38-66aaeb128e4d,0.1527812749,"{'bootstrap': 100.0, 'alrt': 100.0}",2,63,32,,,,"['Eukaryota', 'Metazoa', 'Ecdysozoa', 'Arthropoda', 'Altocrustacea', 'Allotriocarida', 'Hexapoda', 'Insecta', 'Pterygota', 'Neoptera', 'Eumetabola', 'Endopterygota', 'Hymenoptera', 'Apocrita']",,,
90be220f-fe56-41d8-b3c5-b6c6f5c84c8e,,False,False,3,e7df38b4-e9c2-4124-beb7-fb1ff9dde74d,0.0449144635,"{'bootstrap': 100.0, 'alrt': 100.0}",2,33,17,,,,"['Eukaryota', 'Metazoa', 'Ecdysozoa', 'Arthropoda', 'Altocrustacea', 'Allotriocarida', 'Hexapoda', 'Insecta', 'Pterygota', 'Neoptera', 'Eumetabola', 'Endopterygota', 'Hymenoptera', 'Apocrita', 'Aculeata']",,,
9836458f-c96d-4bd1-a2b6-683930746b68,,False,False,4,90be220f-fe56-41d8-b3c5-b6c6f5c84c8e,0.0335764383,"{'bootstrap': 98.0, 'alrt': 98.0}",2,11,6,,,,"['Eukaryota', 'Metazoa', 'Ecdysozoa', 'Arthropoda', 'Altocrustacea', 'Allotriocarida', 'Hexapoda', 'Insecta', 'Pterygota', 'Neoptera', 'Eumetabola', 'Endopterygota', 'Hymenoptera', 'Apocrita', 'Aculeata']",,,
eda8e2c3-244b-454e-a732-5b05ad903c32,,False,False,5,9836458f-c96d-4bd1-a2b6-683930746b68,0.1088182023,"{'bootstrap': 100.0, 'alrt': 100.0}",2,6,4,,,,"['Eukaryota', 'Metazoa', 'Ecdysozoa', 'Arthropoda', 'Altocrustacea', 'Allotriocarida', 'Hexapoda', 'Insecta', 'Pterygota', 'Neoptera', 'Eumetabola', 'Endopterygota', 'Hymenoptera', 'Apocrita', 'Aculeata', 'Apoidea', 'Anthophila']",,,
464e7930-0a98-4090-ad9d-61cdc9541f82,,False,False,6,eda8e2c3-244b-454e-a732-5b05ad903c32,0.0808625617,"{'bootstrap': 100.0, 'alrt': 100.0}",2,4,3,,,,"['Eukaryota', 'Metazoa', 'Ecdysozoa', 'Arthropoda', 'Altocrustacea', 'Allotriocarida', 'Hexapoda', 'Insecta', 'Pterygota', 'Neoptera', 'Eumetabola', 'Endopterygota', 'Hymenoptera', 'Apocrita', 'Aculeata', 'Apoidea', 'Anthophila', 'Apidae']",,,
e07cd1ec-bf82-4d03-8be4-10a280f2d5f2,,False,False,7,464e7930-0a98-4090-ad9d-61cdc9541f82,0.1029607321,"{'bootstrap': 100.0, 'alrt': 100.0}",2,2,2,,,,"['Eukaryota', 'Metazoa', 'Ecdysozoa', 'Arthropoda', 'Altocrustacea', 'Allotriocarida', 'Hexapoda', 'Insecta', 'Pterygota', 'Neoptera', 'Eumetabola', 'Endopterygota', 'Hymenoptera', 'Apocrita', 'Aculeata', 'Apoidea', 'Anthophila', 'Apidae']",,,
f47b5ea9-1391-482b-8426-f3402f99addd,Apis mellifera siciliana MZ981768.1,True,False,8,e07cd1ec-bf82-4d03-8be4-10a280f2d5f2,0.2392454202,,0,0,0,Apis mellifera siciliana MZ981768.1,"['Eukaryota', 'Metazoa', 'Ecdysozoa', 'Arthropoda', 'Altocrustacea', 'Allotriocarida', 'Hexapoda', 'Insecta', 'Pterygota', 'Neoptera', 'Eumetabola', 'Endopterygota', 'Hymenoptera', 'Apocrita', 'Aculeata', 'Apoidea', 'Anthophila', 'Apidae', 'Apis']",,,reference,Apis mellifera siciliana,MZ981768.1
98834b5d-3a16-4966-8755-89bedbf3ec66,Ceratina okinawana NC_057193.1,True,False,8,e07cd1ec-bf82-4d03-8be4-10a280f2d5f2,0.2016716968,,0,0,0,Ceratina okinawana NC_057193.1,"['Eukaryota', 'Metazoa', 'Ecdysozoa', 'Arthropoda', 'Altocrustacea', 'Allotriocarida', 'Hexapoda', 'Insecta', 'Pterygota', 'Neoptera', 'Eumetabola', 'Endopterygota', 'Hymenoptera', 'Apocrita', 'Aculeata', 'Apoidea', 'Anthophila', 'Apidae', 'Ceratina', 'Ceratinidia']",China,,all_insects,Ceratina okinawana,NC_057193.1
ecb56e53-6143-4023-ad18-44cdfb019a8b,Melecta chinensis NC_077570.1,True,False,7,464e7930-0a98-4090-ad9d-61cdc9541f82,0.4725666493,,0,0,0,Melecta chinensis NC_077570.1,"['Eukaryota', 'Metazoa', 'Ecdysozoa', 'Arthropoda', 'Altocrustacea', 'Allotriocarida', 'Hexapoda', 'Insecta', 'Pterygota', 'Neoptera', 'Eumetabola', 'Endopterygota', 'Hymenoptera', 'Apocrita', 'Aculeata', 'Apoidea', 'Anthophila', 'Apidae', 'Melecta']",South Korea,,all_insects,Melecta chinensis,NC_077570.1
a3c87af3-62a7-496e-8970-15dde4f169a3,Seladonia aeraria NC_057084.1,True,False,6,eda8e2c3-244b-454e-a732-5b05ad903c32,0.3155064109,,0,0,0,Seladonia aeraria NC_057084.1,"['Eukaryota', 'Metazoa', 'Ecdysozoa', 'Arthropoda', 'Altocrustacea', 'Allotriocarida', 'Hexapoda', 'Insecta', 'Pterygota', 'Neoptera', 'Eumetabola', 'Endopterygota', 'Hymenoptera', 'Apocrita', 'Aculeata', 'Apoidea', 'Anthophila', 'Halictidae', 'Halictinae', 'Halictini', 'Seladonia']",,,all_insects,Seladonia aeraria,NC_057084.1
ba14f750-bd37-4929-a498-b4ee9fc7083d,,False,False,5,9836458f-c96d-4bd1-a2b6-683930746b68,0.0659833843,"{'bootstrap': 98.4, 'alrt': 83.0}",2,3,2,,,,"['Eukaryota', 'Metazoa', 'Ecdysozoa', 'Arthropoda', 'Altocrustacea', 'Allotriocarida', 'Hexapoda', 'Insecta', 'Pterygota', 'Neoptera', 'Eumetabola', 'Endopterygota', 'Hymenoptera', 'Apocrita', 'Aculeata', 'Vespoidea', 'Vespidae', 'Vespinae']",,,
53b6bb27-30d8-44da-989b-0790a0ea8549,Vespula structor NC_068892.1,True,False,6,ba14f750-bd37-4929-a498-b4ee9fc7083d,0.3323753029,,0,0,0,Vespula structor NC_068892.1,"['Eukaryota', 'Metazoa', 'Ecdysozoa', 'Arthropoda', 'Altocrustacea', 'Allotriocarida', 'Hexapoda', 'Insecta', 'Pterygota', 'Neoptera', 'Eumetabola', 'Endopterygota', 'Hymenoptera', 'Apocrita', 'Aculeata', 'Vespoidea', 'Vespidae', 'Vespinae', 'Vespula']",China,,all_insects,Vespula structor,NC_068892.1
ff3aafef-f6a6-46c4-8036-3a38485f8284,,False,False,6,ba14f750-bd37-4929-a498-b4ee9fc7083d,0.28439628,"{'bootstrap': 100.0, 'alrt': 83.0}",1,1,1,,,,"['Eukaryota', 'Metazoa', 'Ecdysozoa', 'Arthropoda', 'Altocrustacea', 'Allotriocarida', 'Hexapoda', 'Insecta', 'Pterygota', 'Neoptera', 'Eumetabola', 'Endopterygota', 'Hymenoptera', 'Apocrita', 'Aculeata', 'Vespoidea', 'Vespidae', 'Vespinae', 'Vespa']",,,
f487b870-3f4c-4581-932a-43f1322e15a2,Vespa orientalis NC_034003.1,True,False,7,ff3aafef-f6a6-46c4-8036-3a38485f8284,1.0499393395,,0,0,0,Vespa orientalis NC_034003.1,"['Eukaryota', 'Metazoa', 'Ecdysozoa', 'Arthropoda', 'Altocrustacea', 'Allotriocarida', 'Hexapoda', 'Insecta', 'Pterygota', 'Neoptera', 'Eumetabola', 'Endopterygota', 'Hymenoptera', 'Apocrita', 'Aculeata', 'Vespoidea', 'Vespidae', 'Vespinae', 'Vespa']","Jordan: Maru field station, Amman",,all_insects,Vespa orientalis,NC_034003.1
17bf468c-31df-4e9e-b6b2-648911c7bc26,,False,False,4,90be220f-fe56-41d8-b3c5-b6c6f5c84c8e,0.1336515875,"{'bootstrap': 100.0, 'alrt': 100.0}",2,20,11,,,,"['Eukaryota', 'Metazoa', 'Ecdysozoa', 'Arthropoda', 'Altocrustacea', 'Allotriocarida', 'Hexapoda', 'Insecta', 'Pterygota', 'Neoptera', 'Eumetabola', 'Endopterygota', 'Hymenoptera', 'Apocrita', 'Aculeata', 'Formicoidea', 'Formicidae']",,,
fe389fa8-d55f-4c58-b0c9-2a82b1459086,,False,False,5,17bf468c-31df-4e9e-b6b2-648911c7bc26,0.0535945905,"{'bootstrap': 99.9, 'alrt': 99.0}",2,18,10,,,,"['Eukaryota', 'Metazoa', 'Ecdysozoa', 'Arthropoda', 'Altocrustacea', 'Allotriocarida', 'Hexapoda', 'Insecta', 'Pterygota', 'Neoptera', 'Eumetabola', 'Endopterygota', 'Hymenoptera', 'Apocrita', 'Aculeata', 'Formicoidea', 'Formicidae']",,,
391228a0-aa30-4159-ba07-225fa05c5a80,,False,False,6,fe389fa8-d55f-4c58-b0c9-2a82b1459086,0.0355753106,"{'bootstrap': 69.4, 'alrt': 81.0}",2,4,3,,,,"['Eukaryota', 'Metazoa', 'Ecdysozoa', 'Arthropoda', 'Altocrustacea', 'Allotriocarida', 'Hexapoda', 'Insecta', 'Pterygota', 'Neoptera', 'Eumetabola', 'Endopterygota', 'Hymenoptera', 'Apocrita', 'Aculeata', 'Formicoidea', 'Formicidae', 'Formicinae']",,,
7d58cf13-dfe9-449e-a2ab-56053ac57522,,False,False,7,391228a0-aa30-4159-ba07-225fa05c5a80,0.0494330455,"{'bootstrap': 99.4, 'alrt': 100.0}",2,2,2,,,,"['Eukaryota', 'Metazoa', 'Ecdysozoa', 'Arthropoda', 'Altocrustacea', 'Allotriocarida', 'Hexapoda', 'Insecta', 'Pterygota', 'Neoptera', 'Eumetabola', 'Endopterygota', 'Hymenoptera', 'Apocrita', 'Aculeata', 'Formicoidea', 'Formicidae', 'Formicinae']",,,
599c2963-ae8b-4e33-b75f-01c0b66c7c84,Anoplolepis gracilipes NC_039576.1,True,False,8,7d58cf13-dfe9-449e-a2ab-56053ac57522,0.1755120281,,0,0,0,Anoplolepis gracilipes NC_039576.1,"['Eukaryota', 'Metazoa', 'Ecdysozoa', 'Arthropoda', 'Altocrustacea', 'Allotriocarida', 'Hexapoda', 'Insecta', 'Pterygota', 'Neoptera', 'Eumetabola', 'Endopterygota', 'Hymenoptera', 'Apocrita', 'Aculeata', 'Formicoidea', 'Formicidae', 'Formicinae', 'Anoplolepis']",Taiwan: Hsinchu City,,all_insects,Anoplolepis gracilipes,NC_039576.1
38223da6-28a1-4981-a105-5f1dd345461f,Acropyga goeldii NC_046420.1,True,False,8,7d58cf13-dfe9-449e-a2ab-56053ac57522,0.2075926654,,0,0,0,Acropyga goeldii NC_046420.1,"['Eukaryota', 'Metazoa', 'Ecdysozoa', 'Arthropoda', 'Altocrustacea', 'Allotriocarida', 'Hexapoda', 'Insecta', 'Pterygota', 'Neoptera', 'Eumetabola', 'Endopterygota', 'Hymenoptera', 'Apocrita', 'Aculeata', 'Formicoidea', 'Formicidae', 'Formicinae', 'Acropyga']",,,all_insects,Acropyga goeldii,NC_046420.1
aae4ec75-8f28-4ec1-9e39-1975cd34bba1,Camponotus japonicus NC_061037.1,True,False,7,391228a0-aa30-4159-ba07-225fa05c5a80,0.2695164013,,0,0,0,Camponotus japonicus NC_061037.1,"['Eukaryota', 'Metazoa', 'Ecdysozoa', 'Arthropoda', 'Altocrustacea', 'Allotriocarida', 'Hexapoda', 'Insecta', 'Pterygota', 'Neoptera', 'Eumetabola', 'Endopterygota', 'Hymenoptera', 'Apocrita', 'Aculeata', 'Formicoidea', 'Formicidae', 'Formicinae', 'Camponotus']",,,all_insects,Camponotus japonicus,NC_061037.1
0c0c1095-4722-4cb2-ace3-884a018aa699,,False,False,6,fe389fa8-d55f-4c58-b0c9-2a82b1459086,0.033400185,"{'bootstrap': 86.9, 'alrt': 89.0}",2,12,7,,,,"['Eukaryota', 'Metazoa', 'Ecdysozoa', 'Arthropoda', 'Altocrustacea', 'Allotriocarida', 'Hexapoda', 'Insecta', 'Pterygota', 'Neoptera', 'Eumetabola', 'Endopterygota', 'Hymenoptera', 'Apocrita', 'Aculeata', 'Formicoidea', 'Formicidae']",,,
023206ea-e55f-4fd0-92b8-24d83064a9b1,,False,False,7,0c0c1095-4722-4cb2-ace3-884a018aa699,0.0556182976,"{'bootstrap': 100.0, 'alrt': 100.0}",2,10,6,,,,"['Eukaryota', 'Metazoa', 'Ecdysozoa', 'Arthropoda', 'Altocrustacea', 'Allotriocarida', 'Hexapoda', 'Insecta', 'Pterygota', 'Neoptera', 'Eumetabola', 'Endopterygota', 'Hymenoptera', 'Apocrita', 'Aculeata', 'Formicoidea', 'Formicidae', 'Myrmicinae']",,,
293d0d17-fcc0-4d16-8a5b-51d91dfad03a,,False,False,8,023206ea-e55f-4fd0-92b8-24d83064a9b1,0.0449714867,"{'bootstrap': 100.0, 'alrt': 100.0}",2,8,5,,,,"['Eukaryota', 'Metazoa', 'Ecdysozoa', 'Arthropoda', 'Altocrustacea', 'Allotriocarida', 'Hexapoda', 'Insecta', 'Pterygota', 'Neoptera', 'Eumetabola', 'Endopterygota', 'Hymenoptera', 'Apocrita', 'Aculeata', 'Formicoidea', 'Formicidae', 'Myrmicinae']",,,
66507454-8751-4f3f-b677-649b5c3446de,,False,False,9,293d0d17-fcc0-4d16-8a5b-51d91dfad03a,0.0943150689,"{'bootstrap': 100.0, 'alrt': 100.0}",2,4,3,,,,"['Eukaryota', 'Metazoa', 'Ecdysozoa', 'Arthropoda', 'Altocrustacea', 'Allotriocarida', 'Hexapoda', 'Insecta', 'Pterygota', 'Neoptera', 'Eumetabola', 'Endopterygota', 'Hymenoptera', 'Apocrita', 'Aculeata', 'Formicoidea', 'Formicidae', 'Myrmicinae', 'Pheidole']",,,
191b425a-9fc9-44e4-9c6e-2e3843699f7f,,False,False,10,66507454-8751-4f3f-b677-649b5c3446de,0.0256678215,"{'bootstrap': 58.5, 'alrt': 84.0}",2,2,2,,,,"['Eukaryota', 'Metazoa', 'Ecdysozoa', 'Arthropoda', 'Altocrustacea', 'Allotriocarida', 'Hexapoda', 'Insecta', 'Pterygota', 'Neoptera', 'Eumetabola', 'Endopterygota', 'Hymenoptera', 'Apocrita', 'Aculeata', 'Formicoidea', 'Formicidae', 'Myrmicinae', 'Pheidole']",,,
511306e1-be78-40de-a5c2-540748510f8f,Pheidole megacephala NC_080221.1,True,False,11,191b425a-9fc9-44e4-9c6e-2e3843699f7f,0.1280595521,,0,0,0,Pheidole megacephala NC_080221.1,"['Eukaryota', 'Metazoa', 'Ecdysozoa', 'Arthropoda', 'Altocrustacea', 'Allotriocarida', 'Hexapoda', 'Insecta', 'Pterygota', 'Neoptera', 'Eumetabola', 'Endopterygota', 'Hymenoptera', 'Apocrita', 'Aculeata', 'Formicoidea', 'Formicidae', 'Myrmicinae', 'Pheidole']",China,,all_insects,Pheidole megacephala,NC_080221.1
691d962f-befa-4b4d-93fa-98e496d33089,Pheidole taipoana NC_080222.1,True,False,11,191b425a-9fc9-44e4-9c6e-2e3843699f7f,0.1112420447,,0,0,0,Pheidole taipoana NC_080222.1,"['Eukaryota', 'Metazoa', 'Ecdysozoa', 'Arthropoda', 'Altocrustacea', 'Allotriocarida', 'Hexapoda', 'Insecta', 'Pterygota', 'Neoptera', 'Eumetabola', 'Endopterygota', 'Hymenoptera', 'Apocrita', 'Aculeata', 'Formicoidea', 'Formicidae', 'Myrmicinae', 'Pheidole']",China,,all_insects,Pheidole taipoana,NC_080222.1
3cfd1608-beb7-4384-8501-e660f1f81a84,Pheidole nodus NC_080216.1,True,False,10,66507454-8751-4f3f-b677-649b5c3446de,0.1280495389,,0,0,0,Pheidole nodus NC_080216.1,"['Eukaryota', 'Metazoa', 'Ecdysozoa', 'Arthropoda', 'Altocrustacea', 'Allotriocarida', 'Hexapoda', 'Insecta', 'Pterygota', 'Neoptera', 'Eumetabola', 'Endopterygota', 'Hymenoptera', 'Apocrita', 'Aculeata', 'Formicoidea', 'Formicidae', 'Myrmicinae', 'Pheidole']",China,,all_insects,Pheidole nodus,NC_080216.1
86a1a8d1-20f2-4af8-a853-b0a7925391a3,,False,False,9,293d0d17-fcc0-4d16-8a5b-51d91dfad03a,0.0431749556,"{'bootstrap': 99.6, 'alrt': 100.0}",2,2,2,,,,"['Eukaryota', 'Metazoa', 'Ecdysozoa', 'Arthropoda', 'Altocrustacea', 'Allotriocarida', 'Hexapoda', 'Insecta', 'Pterygota', 'Neoptera', 'Eumetabola', 'Endopterygota', 'Hymenoptera', 'Apocrita', 'Aculeata', 'Formicoidea', 'Formicidae', 'Myrmicinae']",,,
f24f3112-9dae-4560-8ae2-8bc3181ce775,Solenopsis richteri NC_014677.1,True,False,10,86a1a8d1-20f2-4af8-a853-b0a7925391a3,0.2034007045,,0,0,0,Solenopsis richteri NC_014677.1,"['Eukaryota', 'Metazoa', 'Ecdysozoa', 'Arthropoda', 'Altocrustacea', 'Allotriocarida', 'Hexapoda', 'Insecta', 'Pterygota', 'Neoptera', 'Eumetabola', 'Endopterygota', 'Hymenoptera', 'Apocrita', 'Aculeata', 'Formicoidea', 'Formicidae', 'Myrmicinae', 'Solenopsis']",,,all_insects,Solenopsis richteri,NC_014677.1
c753bbad-7e33-4bfb-8edc-36408a88abd7,Carebara diversa NC_060604.1,True,False,10,86a1a8d1-20f2-4af8-a853-b0a7925391a3,0.2261404862,,0,0,0,Carebara diversa NC_060604.1,"['Eukaryota', 'Metazoa', 'Ecdysozoa', 'Arthropoda', 'Altocrustacea', 'Allotriocarida', 'Hexapoda', 'Insecta', 'Pterygota', 'Neoptera', 'Eumetabola', 'Endopterygota', 'Hymenoptera', 'Apocrita', 'Aculeata', 'Formicoidea', 'Formicidae', 'Myrmicinae', 'Carebara']",,,all_insects,Carebara diversa,NC_060604.1
7e13027a-aac2-4583-81c8-b0e84152f198,Pristomyrmex punctatus NC_015075.1,True,False,8,023206ea-e55f-4fd0-92b8-24d83064a9b1,0.2504542986,,0,0,0,Pristomyrmex punctatus NC_015075.1,"['Eukaryota', 'Metazoa', 'Ecdysozoa', 'Arthropoda', 'Altocrustacea', 'Allotriocarida', 'Hexapoda', 'Insecta', 'Pterygota', 'Neoptera', 'Eumetabola', 'Endopterygota', 'Hymenoptera', 'Apocrita', 'Aculeata', 'Formicoidea', 'Formicidae', 'Myrmicinae', 'Pristomyrmex']","Japan: Gifu, Kii-Nagashima",,all_insects,Pristomyrmex punctatus,NC_015075.1
092edacb-f17c-4168-9049-fe747ba2f45c,Dolichoderus sibiricus NC_041075.1,True,False,7,0c0c1095-4722-4cb2-ace3-884a018aa699,0.2489962212,,0,0,0,Dolichoderus sibiricus NC_041075.1,"['Eukaryota', 'Metazoa', 'Ecdysozoa', 'Arthropoda', 'Altocrustacea', 'Allotriocarida', 'Hexapoda', 'Insecta', 'Pterygota', 'Neoptera', 'Eumetabola', 'Endopterygota', 'Hymenoptera', 'Apocrita', 'Aculeata', 'Formicoidea', 'Formicidae', 'Dolichoderinae', 'Dolichoderus']",South Korea,,all_insects,Dolichoderus sibiricus,NC_041075.1
927df12b-b002-465e-972e-cb4e65f93a53,Pachycondyla annamita NC_077662.1,True,False,5,17bf468c-31df-4e9e-b6b2-648911c7bc26,0.2818674808,,0,0,0,Pachycondyla annamita NC_077662.1,"['Eukaryota', 'Metazoa', 'Ecdysozoa', 'Arthropoda', 'Altocrustacea', 'Allotriocarida', 'Hexapoda', 'Insecta', 'Pterygota', 'Neoptera', 'Eumetabola', 'Endopterygota', 'Hymenoptera', 'Apocrita', 'Aculeata', 'Formicoidea', 'Formicidae', 'Ponerinae', 'Ponerini', 'Pachycondyla']",,,all_insects,Pachycondyla annamita,NC_077662.1
7d31bd9a-2227-4c9b-bc88-ccd3508b1328,,False,False,3,e7df38b4-e9c2-4124-beb7-fb1ff9dde74d,0.0205176195,"{'bootstrap': 25.9, 'alrt': 56.0}",2,28,15,,,,"['Eukaryota', 'Metazoa', 'Ecdysozoa', 'Arthropoda', 'Altocrustacea', 'Allotriocarida', 'Hexapoda', 'Insecta', 'Pterygota', 'Neoptera', 'Eumetabola', 'Endopterygota', 'Hymenoptera', 'Apocrita']",,,
276c41dc-9945-4d6f-87ab-0961883bc3d6,,False,False,4,7d31bd9a-2227-4c9b-bc88-ccd3508b1328,0.0175945875,"{'bootstrap': 33.0, 'alrt': 46.0}",2,26,14,,,,"['Eukaryota', 'Metazoa', 'Ecdysozoa', 'Arthropoda', 'Altocrustacea', 'Allotriocarida', 'Hexapoda', 'Insecta', 'Pterygota', 'Neoptera', 'Eumetabola', 'Endopterygota', 'Hymenoptera', 'Apocrita']",,,
43469a01-0ecd-4a04-a7ef-1d8f74bfc25f,,False,False,5,276c41dc-9945-4d6f-87ab-0961883bc3d6,0.0338364374,"{'bootstrap': 93.3, 'alrt': 61.0}",2,18,10,,,,"['Eukaryota', 'Metazoa', 'Ecdysozoa', 'Arthropoda', 'Altocrustacea', 'Allotriocarida', 'Hexapoda', 'Insecta', 'Pterygota', 'Neoptera', 'Eumetabola', 'Endopterygota', 'Hymenoptera', 'Apocrita', 'Proctotrupomorpha']",,,
2c70bc56-4337-4704-8394-15f3815046c9,,False,False,6,43469a01-0ecd-4a04-a7ef-1d8f74bfc25f,0.1421946396,"{'bootstrap': 100.0, 'alrt': 100.0}",2,16,9,,,,"['Eukaryota', 'Metazoa', 'Ecdysozoa', 'Arthropoda', 'Altocrustacea', 'Allotriocarida', 'Hexapoda', 'Insecta', 'Pterygota', 'Neoptera', 'Eumetabola', 'Endopterygota', 'Hymenoptera', 'Apocrita', 'Proctotrupomorpha', 'Chalcidoidea']",,,
37da0e86-caeb-4da3-9928-3f2976835202,,False,False,7,2c70bc56-4337-4704-8394-15f3815046c9,0.0734614674,"{'bootstrap': 100.0, 'alrt': 100.0}",2,12,7,,,,"['Eukaryota', 'Metazoa', 'Ecdysozoa', 'Arthropoda', 'Altocrustacea', 'Allotriocarida', 'Hexapoda', 'Insecta', 'Pterygota', 'Neoptera', 'Eumetabola', 'Endopterygota', 'Hymenoptera', 'Apocrita', 'Proctotrupomorpha', 'Chalcidoidea']",,,
8eada1c0-e1f3-43e4-8d7d-a02e99556cdc,,False,False,8,37da0e86-caeb-4da3-9928-3f2976835202,0.3360156729,"{'bootstrap': 100.0, 'alrt': 100.0}",2,4,3,,,,"['Eukaryota', 'Metazoa', 'Ecdysozoa', 'Arthropoda', 'Altocrustacea', 'Allotriocarida', 'Hexapoda', 'Insecta', 'Pterygota', 'Neoptera', 'Eumetabola', 'Endopterygota', 'Hymenoptera', 'Apocrita', 'Proctotrupomorpha', 'Chalcidoidea']",,,
cc3790d3-e1a2-4c92-a416-c904a495ebd0,,False,False,9,8eada1c0-e1f3-43e4-8d7d-a02e99556cdc,0.7539870907,"{'bootstrap': 100.0, 'alrt': 100.0}",2,2,2,,,,"['Eukaryota', 'Metazoa', 'Ecdysozoa', 'Arthropoda', 'Altocrustacea', 'Allotriocarida', 'Hexapoda', 'Insecta', 'Pterygota', 'Neoptera', 'Eumetabola', 'Endopterygota', 'Hymenoptera', 'Apocrita', 'Proctotrupomorpha', 'Chalcidoidea']",,,
c11cfc16-42fc-480a-829d-a8ec43aa8e08,Eupelmus anpingensis NC_068239.1,True,False,10,cc3790d3-e1a2-4c92-a416-c904a495ebd0,0.2762092861,,0,0,0,Eupelmus anpingensis NC_068239.1,"['Eukaryota', 'Metazoa', 'Ecdysozoa', 'Arthropoda', 'Altocrustacea', 'Allotriocarida', 'Hexapoda', 'Insecta', 'Pterygota', 'Neoptera', 'Eumetabola', 'Endopterygota', 'Hymenoptera', 'Apocrita', 'Proctotrupomorpha', 'Chalcidoidea', 'Eupelmidae', 'Eupelminae', 'Eupelmus']",China,,all_insects,Eupelmus anpingensis,NC_068239.1
2ac38f93-b2c6-4f39-8021-dbe70dc7a5a4,Trichogramma cacaeciae NC_069040.1,True,False,10,cc3790d3-e1a2-4c92-a416-c904a495ebd0,0.1653096396,,0,0,0,Trichogramma cacaeciae NC_069040.1,"['Eukaryota', 'Metazoa', 'Ecdysozoa', 'Arthropoda', 'Altocrustacea', 'Allotriocarida', 'Hexapoda', 'Insecta', 'Pterygota', 'Neoptera', 'Eumetabola', 'Endopterygota', 'Hymenoptera', 'Apocrita', 'Proctotrupomorpha', 'Chalcidoidea', 'Trichogrammatidae', 'Trichogramma']",,,all_insects,Trichogramma cacaeciae,NC_069040.1
3df82d41-33f8-4e9d-9545-4c4dd666d89d,Anagyrus galinae NC_084266.1,True,False,9,8eada1c0-e1f3-43e4-8d7d-a02e99556cdc,0.2181631151,,0,0,0,Anagyrus galinae NC_084266.1,"['Eukaryota', 'Metazoa', 'Ecdysozoa', 'Arthropoda', 'Altocrustacea', 'Allotriocarida', 'Hexapoda', 'Insecta', 'Pterygota', 'Neoptera', 'Eumetabola', 'Endopterygota', 'Hymenoptera', 'Apocrita', 'Proctotrupomorpha', 'Chalcidoidea', 'Encyrtidae', 'Tetracneminae', 'Anagyrus']",,,all_insects,Anagyrus galinae,NC_084266.1
87d4056c-9b49-43b1-b0ba-0e8aeba1b00b,,False,False,8,37da0e86-caeb-4da3-9928-3f2976835202,0.0284569044,"{'bootstrap': 98.9, 'alrt': 100.0}",2,6,4,,,,"['Eukaryota', 'Metazoa', 'Ecdysozoa', 'Arthropoda', 'Altocrustacea', 'Allotriocarida', 'Hexapoda', 'Insecta', 'Pterygota', 'Neoptera', 'Eumetabola', 'Endopterygota', 'Hymenoptera', 'Apocrita', 'Proctotrupomorpha', 'Chalcidoidea', 'Encyrtidae', 'Encyrtinae']",,,
c6846492-11c9-4a51-bccf-0013aad7d115,Encyrtus sasakii NC_051458.1,True,False,9,87d4056c-9b49-43b1-b0ba-0e8aeba1b00b,0.2980669623,,0,0,0,Encyrtus sasakii NC_051458.1,"['Eukaryota', 'Metazoa', 'Ecdysozoa', 'Arthropoda', 'Altocrustacea', 'Allotriocarida', 'Hexapoda', 'Insecta', 'Pterygota', 'Neoptera', 'Eumetabola', 'Endopterygota', 'Hymenoptera', 'Apocrita', 'Proctotrupomorpha', 'Chalcidoidea', 'Encyrtidae', 'Encyrtinae', 'Encyrtus']",China,,all_insects,Encyrtus sasakii,NC_051458.1
9abb241a-7d5f-4319-8e8a-4fb9eee5dedf,,False,False,9,87d4056c-9b49-43b1-b0ba-0e8aeba1b00b,0.0460068723,"{'bootstrap': 99.5, 'alrt': 100.0}",2,4,3,,,,"['Eukaryota', 'Metazoa', 'Ecdysozoa', 'Arthropoda', 'Altocrustacea', 'Allotriocarida', 'Hexapoda', 'Insecta', 'Pterygota', 'Neoptera', 'Eumetabola', 'Endopterygota', 'Hymenoptera', 'Apocrita', 'Proctotrupomorpha', 'Chalcidoidea', 'Encyrtidae', 'Encyrtinae']",,,
1be3df52-5103-4f94-92bf-98adeb839d2f,,False,False,10,9abb241a-7d5f-4319-8e8a-4fb9eee5dedf,0.0407843531,"{'bootstrap': 99.7, 'alrt': 100.0}",2,2,2,,,,"['Eukaryota', 'Metazoa', 'Ecdysozoa', 'Arthropoda', 'Altocrustacea', 'Allotriocarida', 'Hexapoda', 'Insecta', 'Pterygota', 'Neoptera', 'Eumetabola', 'Endopterygota', 'Hymenoptera', 'Apocrita', 'Proctotrupomorpha', 'Chalcidoidea', 'Encyrtidae', 'Encyrtinae']",,,
52c87df0-033c-4834-961f-e672e62f61c1,Tassonia gloriae NC_082112.1,True,False,11,1be3df52-5103-4f94-92bf-98adeb839d2f,0.2083677196,,0,0,0,Tassonia gloriae NC_082112.1,"['Eukaryota', 'Metazoa', 'Ecdysozoa', 'Arthropoda', 'Altocrustacea', 'Allotriocarida', 'Hexapoda', 'Insecta', 'Pterygota', 'Neoptera', 'Eumetabola', 'Endopterygota', 'Hymenoptera', 'Apocrita', 'Proctotrupomorpha', 'Chalcidoidea', 'Encyrtidae', 'Encyrtinae', 'Tassonia']",,,all_insects,Tassonia gloriae,NC_082112.1
cd53b7b8-bfac-4fae-9713-fbf9020aadce,Cheiloneurus chinensis NC_084192.1,True,False,11,1be3df52-5103-4f94-92bf-98adeb839d2f,0.1915151324,,0,0,0,Cheiloneurus chinensis NC_084192.1,"['Eukaryota', 'Metazoa', 'Ecdysozoa', 'Arthropoda', 'Altocrustacea', 'Allotriocarida', 'Hexapoda', 'Insecta', 'Pterygota', 'Neoptera', 'Eumetabola', 'Endopterygota', 'Hymenoptera', 'Apocrita', 'Proctotrupomorpha', 'Chalcidoidea', 'Encyrtidae', 'Encyrtinae', 'Cheiloneurus']",,,all_insects,Cheiloneurus chinensis,NC_084192.1
aaf157dc-37aa-4a0f-877b-d8d7683935c6,Ooencyrtus plautus NC_068223.1,True,False,10,9abb241a-7d5f-4319-8e8a-4fb9eee5dedf,0.1965976144,,0,0,0,Ooencyrtus plautus NC_068223.1,"['Eukaryota', 'Metazoa', 'Ecdysozoa', 'Arthropoda', 'Altocrustacea', 'Allotriocarida', 'Hexapoda', 'Insecta', 'Pterygota', 'Neoptera', 'Eumetabola', 'Endopterygota', 'Hymenoptera', 'Apocrita', 'Proctotrupomorpha', 'Chalcidoidea', 'Encyrtidae', 'Encyrtinae', 'Ooencyrtus']",,,all_insects,Ooencyrtus plautus,NC_068223.1
362592fb-9f68-47df-ac57-4167fdae1752,,False,False,7,2c70bc56-4337-4704-8394-15f3815046c9,0.1403540814,"{'bootstrap': 100.0, 'alrt': 100.0}",2,2,2,,,,"['Eukaryota', 'Metazoa', 'Ecdysozoa', 'Arthropoda', 'Altocrustacea', 'Allotriocarida', 'Hexapoda', 'Insecta', 'Pterygota', 'Neoptera', 'Eumetabola', 'Endopterygota', 'Hymenoptera', 'Apocrita', 'Proctotrupomorpha', 'Chalcidoidea', 'Pteromalidae', 'Pteromalinae']",,,
70fcab9c-6fb6-480e-93c0-74257c94c3cd,Trichomalopsis sarcophagae NC_066200.1,True,False,8,362592fb-9f68-47df-ac57-4167fdae1752,0.1094383843,,0,0,0,Trichomalopsis sarcophagae NC_066200.1,"['Eukaryota', 'Metazoa', 'Ecdysozoa', 'Arthropoda', 'Altocrustacea', 'Allotriocarida', 'Hexapoda', 'Insecta', 'Pterygota', 'Neoptera', 'Eumetabola', 'Endopterygota', 'Hymenoptera', 'Apocrita', 'Proctotrupomorpha', 'Chalcidoidea', 'Pteromalidae', 'Pteromalinae', 'Trichomalopsis']",,,all_insects,Trichomalopsis sarcophagae,NC_066200.1
bbb54f1a-a5fc-4d1b-9d5d-501b9deb1848,Nasonia giraulti NC_066199.1,True,False,8,362592fb-9f68-47df-ac57-4167fdae1752,0.0998049603,,0,0,0,Nasonia giraulti NC_066199.1,"['Eukaryota', 'Metazoa', 'Ecdysozoa', 'Arthropoda', 'Altocrustacea', 'Allotriocarida', 'Hexapoda', 'Insecta', 'Pterygota', 'Neoptera', 'Eumetabola', 'Endopterygota', 'Hymenoptera', 'Apocrita', 'Proctotrupomorpha', 'Chalcidoidea', 'Pteromalidae', 'Pteromalinae', 'Nasonia']",,,all_insects,Nasonia giraulti,NC_066199.1
6ac61f5d-bc5b-4b5f-bc02-561bb423bdcd,Andricus mairei NC_068815.1,True,False,6,43469a01-0ecd-4a04-a7ef-1d8f74bfc25f,0.3403670791,,0,0,0,Andricus mairei NC_068815.1,"['Eukaryota', 'Metazoa', 'Ecdysozoa', 'Arthropoda', 'Altocrustacea', 'Allotriocarida', 'Hexapoda', 'Insecta', 'Pterygota', 'Neoptera', 'Eumetabola', 'Endopterygota', 'Hymenoptera', 'Apocrita', 'Proctotrupomorpha', 'Cynipoidea', 'Cynipidae', 'Cynipinae', 'Cynipini', 'Andricus']",,,all_insects,Andricus mairei,NC_068815.1
d646f1b3-c273-40e3-a54b-2d16e11fa334,,False,False,5,276c41dc-9945-4d6f-87ab-0961883bc3d6,0.020807412,"{'bootstrap': 63.1, 'alrt': 41.0}",2,6,4,,,,"['Eukaryota', 'Metazoa', 'Ecdysozoa', 'Arthropoda', 'Altocrustacea', 'Allotriocarida', 'Hexapoda', 'Insecta', 'Pterygota', 'Neoptera', 'Eumetabola', 'Endopterygota', 'Hymenoptera', 'Apocrita']",,,
42e11b45-7c39-47f7-89e2-0de057fed4dd,,False,False,6,d646f1b3-c273-40e3-a54b-2d16e11fa334,0.0443139743,"{'bootstrap': 98.2, 'alrt': 82.0}",2,4,3,,,,"['Eukaryota', 'Metazoa', 'Ecdysozoa', 'Arthropoda', 'Altocrustacea', 'Allotriocarida', 'Hexapoda', 'Insecta', 'Pterygota', 'Neoptera', 'Eumetabola', 'Endopterygota', 'Hymenoptera', 'Apocrita', 'Ichneumonoidea']",,,
a6936c25-0f94-480e-8153-e1d248703d0e,,False,False,7,42e11b45-7c39-47f7-89e2-0de057fed4dd,0.2015326577,"{'bootstrap': 100.0, 'alrt': 100.0}",2,2,2,,,,"['Eukaryota', 'Metazoa', 'Ecdysozoa', 'Arthropoda', 'Altocrustacea', 'Allotriocarida', 'Hexapoda', 'Insecta', 'Pterygota', 'Neoptera', 'Eumetabola', 'Endopterygota', 'Hymenoptera', 'Apocrita', 'Ichneumonoidea', 'Braconidae', 'Braconinae']",,,
569b49a0-d7f9-4e23-a8c1-f64c25d746e4,Virgulibracon endoxylaphagus NC_062620.1,True,False,8,a6936c25-0f94-480e-8153-e1d248703d0e,0.1681904693,,0,0,0,Virgulibracon endoxylaphagus NC_062620.1,"['Eukaryota', 'Metazoa', 'Ecdysozoa', 'Arthropoda', 'Altocrustacea', 'Allotriocarida', 'Hexapoda', 'Insecta', 'Pterygota', 'Neoptera', 'Eumetabola', 'Endopterygota', 'Hymenoptera', 'Apocrita', 'Ichneumonoidea', 'Braconidae', 'Braconinae', 'Virgulibracon']",Australia,,all_insects,Virgulibracon endoxylaphagus,NC_062620.1
3b092ee4-f061-4067-9396-0db5f8324bee,Euurobracon yokahamae NC_064332.1,True,False,8,a6936c25-0f94-480e-8153-e1d248703d0e,0.1701524066,,0,0,0,Euurobracon yokahamae NC_064332.1,"['Eukaryota', 'Metazoa', 'Ecdysozoa', 'Arthropoda', 'Altocrustacea', 'Allotriocarida', 'Hexapoda', 'Insecta', 'Pterygota', 'Neoptera', 'Eumetabola', 'Endopterygota', 'Hymenoptera', 'Apocrita', 'Ichneumonoidea', 'Braconidae', 'Braconinae', 'Euurobracon']",South Korea,,all_insects,Euurobracon yokahamae,NC_064332.1
efe40dc7-b24e-4fa2-8be1-7565a772c63a,Gotra octocincta NC_072299.1,True,False,7,42e11b45-7c39-47f7-89e2-0de057fed4dd,0.3297960487,,0,0,0,Gotra octocincta NC_072299.1,"['Eukaryota', 'Metazoa', 'Ecdysozoa', 'Arthropoda', 'Altocrustacea', 'Allotriocarida', 'Hexapoda', 'Insecta', 'Pterygota', 'Neoptera', 'Eumetabola', 'Endopterygota', 'Hymenoptera', 'Apocrita', 'Ichneumonoidea', 'Ichneumonidae', 'Cryptinae', 'Mesostenina', 'Gotra']",China,,all_insects,Gotra octocincta,NC_072299.1
f6dcf1c5-c353-4bdc-a645-6f96e1986063,Pristaulacus compressus NC_022849.1,True,False,6,d646f1b3-c273-40e3-a54b-2d16e11fa334,0.4406438764,,0,0,0,Pristaulacus compressus NC_022849.1,"['Eukaryota', 'Metazoa', 'Ecdysozoa', 'Arthropoda', 'Altocrustacea', 'Allotriocarida', 'Hexapoda', 'Insecta', 'Pterygota', 'Neoptera', 'Eumetabola', 'Endopterygota', 'Hymenoptera', 'Apocrita', 'Evanioidea', 'Aulacidae', 'Pristaulacus']",,,all_insects,Pristaulacus compressus,NC_022849.1
2df1044c-8f40-4272-9f23-a079e73f6b21,Telenomus remus NC_059862.1,True,False,4,7d31bd9a-2227-4c9b-bc88-ccd3508b1328,0.4097937294,,0,0,0,Telenomus remus NC_059862.1,"['Eukaryota', 'Metazoa', 'Ecdysozoa', 'Arthropoda', 'Altocrustacea', 'Allotriocarida', 'Hexapoda', 'Insecta', 'Pterygota', 'Neoptera', 'Eumetabola', 'Endopterygota', 'Hymenoptera', 'Apocrita', 'Proctotrupomorpha', 'Platygastroidea', 'Scelionidae', 'Telenominae', 'Telenomus']",China,,all_insects,Telenomus remus,NC_059862.1
265d5f4c-da78-44cb-93ae-c539f6b5ef9a,,False,False,2,39e9e438-8a35-4fec-be38-66aaeb128e4d,0.0543614428,"{'bootstrap': 100.0, 'alrt': 100.0}",2,6,4,,,,"['Eukaryota', 'Metazoa', 'Ecdysozoa', 'Arthropoda', 'Altocrustacea', 'Allotriocarida', 'Hexapoda', 'Insecta', 'Pterygota', 'Neoptera', 'Eumetabola', 'Endopterygota', 'Hymenoptera', 'Tenthredinoidea']",,,
5886569b-a122-4fcb-a0ef-7c8fe4594c8d,,False,False,3,265d5f4c-da78-44cb-93ae-c539f6b5ef9a,0.037879722,"{'bootstrap': 99.5, 'alrt': 99.0}",2,4,3,,,,"['Eukaryota', 'Metazoa', 'Ecdysozoa', 'Arthropoda', 'Altocrustacea', 'Allotriocarida', 'Hexapoda', 'Insecta', 'Pterygota', 'Neoptera', 'Eumetabola', 'Endopterygota', 'Hymenoptera', 'Tenthredinoidea']",,,
fd50652e-278f-405c-b716-3ecf3f90e899,,False,False,4,5886569b-a122-4fcb-a0ef-7c8fe4594c8d,0.0738243328,"{'bootstrap': 100.0, 'alrt': 100.0}",2,2,2,,,,"['Eukaryota', 'Metazoa', 'Ecdysozoa', 'Arthropoda', 'Altocrustacea', 'Allotriocarida', 'Hexapoda', 'Insecta', 'Pterygota', 'Neoptera', 'Eumetabola', 'Endopterygota', 'Hymenoptera', 'Tenthredinoidea', 'Cimbicidae']",,,
c8b9bb2a-809d-4af5-936f-0095546c0400,Odontocimbex svenhedini NC_068104.1,True,False,5,fd50652e-278f-405c-b716-3ecf3f90e899,0.1333248084,,0,0,0,Odontocimbex svenhedini NC_068104.1,"['Eukaryota', 'Metazoa', 'Ecdysozoa', 'Arthropoda', 'Altocrustacea', 'Allotriocarida', 'Hexapoda', 'Insecta', 'Pterygota', 'Neoptera', 'Eumetabola', 'Endopterygota', 'Hymenoptera', 'Tenthredinoidea', 'Cimbicidae', 'Odontocimbex']",China,,all_insects,Odontocimbex svenhedini,NC_068104.1
acb3c5ba-73a1-496e-9790-e730204bdb62,Abia niui NC_068101.1,True,False,5,fd50652e-278f-405c-b716-3ecf3f90e899,0.1319636007,,0,0,0,Abia niui NC_068101.1,"['Eukaryota', 'Metazoa', 'Ecdysozoa', 'Arthropoda', 'Altocrustacea', 'Allotriocarida', 'Hexapoda', 'Insecta', 'Pterygota', 'Neoptera', 'Eumetabola', 'Endopterygota', 'Hymenoptera', 'Tenthredinoidea', 'Cimbicidae', 'Abia']",China,,all_insects,Abia niui,NC_068101.1
0fd3b97d-24d3-4c12-80c1-5f6b6ec5daf3,Allantus togatus NC_057612.1,True,False,4,5886569b-a122-4fcb-a0ef-7c8fe4594c8d,0.1715541334,,0,0,0,Allantus togatus NC_057612.1,"['Eukaryota', 'Metazoa', 'Ecdysozoa', 'Arthropoda', 'Altocrustacea', 'Allotriocarida', 'Hexapoda', 'Insecta', 'Pterygota', 'Neoptera', 'Eumetabola', 'Endopterygota', 'Hymenoptera', 'Tenthredinoidea', 'Tenthredinidae', 'Allantinae', 'Allantus']",,,all_insects,Allantus togatus,NC_057612.1
355ba371-5998-47d9-a0a0-07775bd46b68,Athalia scapulata NC_067798.1,True,False,3,265d5f4c-da78-44cb-93ae-c539f6b5ef9a,0.2395173738,,0,0,0,Athalia scapulata NC_067798.1,"['Eukaryota', 'Metazoa', 'Ecdysozoa', 'Arthropoda', 'Altocrustacea', 'Allotriocarida', 'Hexapoda', 'Insecta', 'Pterygota', 'Neoptera', 'Eumetabola', 'Endopterygota', 'Hymenoptera', 'Tenthredinoidea', 'Athaliidae', 'Athalia']",China,,all_insects,Athalia scapulata,NC_067798.1
c2631d2f-9ac0-40ce-8b50-8e4a3e8b174c,Scymnus dongjiuensis PQ873042.1,True,False,1,bbe90126-da41-496f-a57d-6a90ad4c8575,0.3049270701,,0,0,0,Scymnus dongjiuensis PQ873042.1,"['Eukaryota', 'Metazoa', 'Ecdysozoa', 'Arthropoda', 'Altocrustacea', 'Allotriocarida', 'Hexapoda', 'Insecta', 'Pterygota', 'Neoptera', 'Eumetabola', 'Endopterygota', 'Aparaglossata', 'Neuropteroidea', 'Coleoptera', 'Polyphaga', 'Cucujiformia', 'Coccinelloidea', 'Coccinellidae', 'Scymninae', 'Scymnini', 'Scymnus']",,,control,Scymnus dongjiuensis,PQ873042.1
